﻿pos_x,pos_y,rotation,side,designator,mpn,pack,value,mount_type,place
116.0,-97.0,-90.0,top,J1,,JST_PH_B4B-PH-K_1x04_P2.00mm_Vertical,Conn_01x04_Pin,tht,True
155.0,-102.0,-90.0,top,J2,,JST_PH_B4B-PH-K_1x04_P2.00mm_Vertical,Conn_01x04_Pin,tht,True
136.0,-116.0,180.0,top,J3,,JST_PH_B2B-PH-K_1x02_P2.00mm_Vertical,Conn_01x02_Pin,tht,True
154.0275,-95.25,0.0,top,R1,,R_0805_2012Metric,33k,smt,True
154.0,-88.9,0.0,top,R2,,R_0805_2012Metric,51k,smt,True
134.6225,-89.065,0.0,top,U1,,DFR0768,DFR0768,smt,True
